frequency_ratio_r,amplification_zeta_0.03,amplification_zeta_0.08,amplification_zeta_0.20
0.0,1.0,1.0,1.0
0.0025,1.000006238788852,1.0000061700375724,1.0000057500300625
0.005,1.0000249556216436,1.0000246806011681,1.000023000481009
0.0075,1.000056151897168,1.0000555330435046,1.0000517524351633
0.01,1.0000998299470378,1.0000987296193822,1.0000920076965667
0.0125,1.0001559930361195,1.0001542734860893,1.0001437687912245
0.015,1.0002246453631416,1.0002221687039736,1.0002070389674562
0.0175,1.0003057920614795,1.000302420237172,1.0002818221963432
0.02,1.000399439200113,1.0003950339545071,1.0003681231722785
0.0225,1.00050559378476,1.0005000166305462,1.0004659473136144
0.025,1.0006242637591831,1.000617375946823,1.0005753007634106
0.0275,1.0007554580066769,1.0007471204932252,1.0006961903902842
0.03,1.000899186351726,1.0008892597695453,1.0008286237893589
0.0325,1.0010554595618442,1.0010438041871985,1.0009726092833142
0.035,1.0012242893495893,1.0012107650711037,1.001128155923537
0.0375,1.0014056883747564,1.001390154661734,1.0012952734913738
0.04,1.0015996702467507,1.0015819861173318,1.0014739724994832
0.0425,1.00180624952714,1.0017862735162926,1.0016642641932916
0.045,1.0020254417323877,1.0020030318597182,1.0018661605525503
0.0475,1.0022572633367675,1.0022322770741383,1.0020796742929943
0.05,1.0025017317754619,1.002474026014403,1.0023048188681043
0.0525,1.002758865447843,1.0027282964667465,1.002541608470972
0.055,1.0030286837209392,1.002995107152023,1.0027900580362676
0.0575,1.0033112069330874,1.0032744777291165,1.003050183242312
0.06,1.0036064563977751,1.003566428798526,1.0033220005132535
0.0625,1.0039144544076666,1.0038709819061236,1.0036055270213482
0.065,1.0042352242388253,1.0041881595470934,1.0039007806893459
0.0675,1.0045687901551228,1.0045179851700465,1.0042077801929818
0.07,1.0049151774128444,1.004860483181316,1.0045265449635745
0.0725,1.005274412265488,1.0052156789494344,1.0048570951907294
0.075,1.005646521968761,1.0055835988097925,1.0051994518251515
0.0775,1.0060315347857742,1.0059642700694837,1.0055536365815643
0.08,1.0064294799924374,1.0063577210123333,1.0059196719417371
0.0825,1.0068403878830559,1.006763980904117,1.0062975811576222
0.085,1.0072642897761326,1.0071830799979662,1.0066873882546015
0.08750000000000001,1.007701218020376,1.007615049539969,1.0070891180348431
0.09,1.0081512060009157,1.0080599217749593,1.007502796080769
0.0925,1.008614288145731,1.0085177299525065,1.0079284487586346
0.095,1.009090499932289,1.0089885083330974,1.0083661032222213
0.0975,1.0095798778944025,1.0094722921945214,1.0088157874166412
0.1,1.0100824596293025,1.0099691178384556,1.0092775300822563
0.10250000000000001,1.010598283804933,1.0104790225972546,1.0097513607587127
0.105,1.0111273901674682,1.0110020448409451,1.0102373097890904
0.1075,1.0116698195490563,1.0115382239844328,1.0107354083241695
0.11,1.012225613875792,1.012087600494915,1.011245688326813
0.1125,1.0127948161759204,1.0126502158995137,1.0117681825764702
0.115,1.0133774705882759,1.0132261127931184,1.0123029246737953
0.11750000000000001,1.0139736223709597,1.013815334846454,1.0128499490453908
0.12,1.014583317910258,1.0144179268143678,1.0134092909486674
0.1225,1.0152066047298032,1.0150339345443422,1.01398098647683
0.125,1.0158435314999865,1.0156634049852349,1.014565072563984
0.1275,1.0164941480476184,1.0163063861962518,1.015161586990367
0.13,1.0171585053658465,1.016962927356153,1.0157705683877039
0.1325,1.017836655624331,1.0176330787726973,1.0163920562446924
0.135,1.0185286521796837,1.0183168918923267,1.01702609091261
0.1375,1.0192345495861732,1.0190144193100974,1.0176727136110557
0.14,1.0199544036067008,1.0197257147798569,1.0183319664338146
0.14250000000000002,1.0206882712240517,1.0204508332246736,1.0190038923548608
0.145,1.021436210652425,1.0211898307475233,1.0196885352344847
0.1475,1.0221982813492478,1.0219427646422339,1.0203859398255608
0.15,1.0229745440272773,1.0227096934046926,1.0210961517799435
0.1525,1.0237650606669966,1.023490676744325,1.0218192176550038
0.155,1.0245698945293071,1.0242857755958403,1.0225551849203
0.1575,1.0253891101685242,1.0250950521312578,1.023304101964388
0.16,1.0262227734456821,1.0259185697722104,1.024066018101771
0.1625,1.0270709515421494,1.0267563932025365,1.0248409835799905
0.165,1.027933712973565,1.027608588381159,1.0256290495868603
0.1675,1.0288111276040979,1.028475222555261,1.0264302682578434
0.17,1.029703266661036,1.0293563642737606,1.0272446926835748
0.17250000000000001,1.03061020274971,1.0302520834010913,1.028072376917532
0.17500000000000002,1.0315320098687621,1.0311624511312907,1.0289133759838522
0.1775,1.0324687634257583,1.032087540002407,1.0297677458853018
0.18,1.0334205402531569,1.0330274239112243,1.0306355436113943
0.1825,1.0343874186246378,1.033982178128316,1.0315168271466635
0.185,1.0353694782717988,1.0349518793134307,1.0324116554790912
0.1875,1.036366800401226,1.0359366055312145,1.0333200886086904
0.19,1.037379467711945,1.0369364362672802,1.034242187556246
0.1925,1.038407564413261,1.0379514524446256,1.0351780143722162
0.195,1.0394511762429959,1.0389817364404104,1.0361276321457955
0.1975,1.0405103904861261,1.0400273721030953,1.0370911050141385
0.2,1.041585295993835,1.0410884447699524,1.0380684981717496
0.2025,1.0426759832029822,1.042165041284954,1.0390598778800413
0.20500000000000002,1.0437825441560025,1.0432572500170432,1.0400653114770568
0.20750000000000002,1.0449050725212397,1.0443651608788012,1.0410848673873658
0.21,1.0460436636137258,1.045488865345508,1.042118615132131
0.2125,1.0471984144164144,1.0466284564746156,1.043166625339348
0.215,1.0483694236018763,1.0477840289256335,1.0442289697542615
0.2175,1.0495567915544695,1.0489556789804375,1.0453057212499601
0.22,1.0507606203929882,1.050143504564011,1.0463969538381477
0.2225,1.0519810139938077,1.051347605265625,1.0475027426800982
0.225,1.0532180780145293,1.0525680823604677,1.048623164097795
0.2275,1.0544719199181378,1.053805038831731,1.0497582955852518
0.23,1.0557426489976862,1.0550585793931664,1.0509082158200251
0.2325,1.05703037640151,1.0563288105121127,1.0520730046749134
0.23500000000000001,1.058335215158992,1.0576158404330145,1.0532527432298477
0.23750000000000002,1.059657280206883,1.058919779201434,1.0544475137839784
0.24,1.0609966884161928,1.0602407386885695,1.0556573998679526
0.2425,1.062353558619663,1.061578832616291,1.0568824862563948
0.245,1.0637280116398369,1.0629341765827038,1.058122858980583
0.2475,1.0651201703177322,1.0643068880882494,1.059378605341328
0.25,1.0665301595421421,1.0656970865623558,1.0606498139220575
0.2525,1.0679581062795658,1.0671048933906528,1.0619365746021048
0.255,1.0694041396047897,1.068530431942756,1.0632389785702072
0.2575,1.0708683907321348,1.0699738276006392,1.064557118338213
0.26,1.0723509930473785,1.0714352077876048,1.0658910877550023
0.2625,1.0738520821403734,1.0729147019978644,1.0672409820206226
0.265,1.0753717958383755,1.0744124418267453,1.0686068977006404
0.2675,1.0769102742400967,1.0759285610015321,1.0699889327407124
0.27,1.078467659750501,1.0774631954129639,1.0713871864813778
0.2725,1.080044097116361,1.0790164831473943,1.0728017596730737
0.275,1.0816397334625893,1.0805885645196347,1.0742327544913772
0.2775,1.0832547183293675,1.0821795821064928,1.0756802745524725
0.28,1.0848892037100877,1.0837896807810214,1.0771444249288518
0.28250000000000003,1.0865433440901286,1.0854190077474979,1.0786253121652445
0.28500000000000003,1.0882172964864811,1.0870677125771424,1.0801230442947831
0.28750000000000003,1.0899112204882504,1.088735947244603,1.0816377308554042
0.29,1.091625278298048,1.0904238661652128,1.083169482906488
0.2925,1.0933596347743033,1.0921316262330458,1.084718413045739
0.295,1.0951144574745066,1.093859386859786,1.0862846354263078
0.2975,1.0968899166994168,1.0956073100144275,1.0878682657741596
0.3,1.0986861855382475,1.0973755602638293,1.0894694214056866
0.3025,1.1005034399148639,1.0991643048141375,1.091088221245572
0.305,1.102341858635008,1.100973713553102,1.092724785844902
0.3075,1.1042016234345813,1.1028039590933039,1.0943792373995318
0.31,1.1060829190290113,1.1046552168163177,1.0960516997687044
0.3125,1.107985933163727,1.1065276649178297,1.0977422984939273
0.315,1.1099108566657698,1.1084214844537317,1.099451160818106
0.3175,1.111857883496574,1.1103368593872203,1.1011784157049358
0.32,1.1138272108059382,1.1122739766369198,1.1029241938585583
0.3225,1.1158190389872238,1.1142330261260533,1.1046886277434762
0.325,1.1178335717338097,1.1162142008326925,1.106471851604735
0.3275,1.119871016096834,1.1182176968411055,1.108274001488371
0.33,1.121931582544256,1.1202437133942333,1.1100952152621224
0.3325,1.124015485021277,1.1222924529473226,1.111935632636414
0.335,1.126122941012144,1.1243641212227398,1.1137953951856052
0.3375,1.1282541716033856,1.126458927265998,1.115674646369513
0.34,1.1304094015485067,1.1285770835030273,1.1175735315552047
0.3425,1.1325888593341848,1.1307188057987159,1.1194921980390593
0.34500000000000003,1.1347927772480064,1.1328843135167557,1.1214307950691078
0.34750000000000003,1.1370213914477865,1.1350738295808263,1.1233894738676404
0.35000000000000003,1.1392749420325043,1.1372875805371465,1.125368387654091
0.3525,1.1415536731149127,1.1395257966184305,1.1273676916681923
0.355,1.1438578328958502,1.1417887118092864,1.129387543193408
0.3575,1.1461876737403132,1.1440765639130865,1.1314281015806338
0.36,1.1485434522553282,1.1463895946203537,1.133489528272176
0.3625,1.1509254293696771,1.148728049578699,1.1355719868259988
0.365,1.1533338704155243,1.151092178464349,1.1376756429402448
0.3675,1.1557690452119946,1.1534822350553091,1.1398006644780274
0.37,1.1582312281507612,1.1558984773061962,1.1419472214924886
0.3725,1.1607206982836924,1.1583411674247912,1.1441154862521272
0.375,1.1632377394126192,1.1608105719503548,1.146305633266394
0.3775,1.1657826401812799,1.163306961833747,1.148517839311547
0.38,1.1683556941694992,1.1658306125194053,1.1507522834567707
0.3825,1.1709571999896735,1.1683818040292238,1.1530091470905535
0.385,1.173587461385614,1.1709608210483853,1.155288613947319
0.3875,1.176246787333827,1.1735679530132015,1.1575908701343103
0.39,1.17893549214729,1.1762034942010084,1.1599161041587223
0.3925,1.1816538955818015,1.178867743822175,1.1622645069550772
0.395,1.1844023229449718,1.181561006114282,1.1646362719128396
0.3975,1.1871811052079384,1.1842835904385267,1.1670315949042633
0.4,1.1899905791198748,1.187035811378416,1.16945067431247
0.4025,1.192831087325381,1.189817988840808,1.1718937110597443
0.405,1.1957029784848354,1.1926304481593653,1.1743609086360494
0.40750000000000003,1.1986066073977961,1.195473520200486,1.1768524731277468
0.41000000000000003,1.2015423351295402,1.1983475414717828,1.1793686132465175
0.41250000000000003,1.2045105291408307,1.2012528542331737,1.181909540358474
0.41500000000000004,1.2075115634210138,1.2041898066106633,1.1844754685134544
0.4175,1.210545818624534,1.2071587527128822,1.187066614474488
0.42,1.2136136822109806,1.2101600527504666,1.1896831977474247
0.4225,1.2167155485887629,1.2131940731583524,1.1923254406107122
0.425,1.2198518192625245,1.2162611867210689,1.1949935681453117
0.4275,1.2230229029844133,1.2193617727011121,1.1976878082647373
0.43,1.2262292159093198,1.2224962169704892,1.2004083917452104
0.4325,1.2294711817542072,1.2256649121455174,1.203155552255904
0.435,1.2327492319616549,1.2288682577249743,1.20592952638927
0.4375,1.2360638058677502,1.2321066602316937,1.2087305536914288
0.44,1.239415350874456,1.2353805333577028,1.2115588766926044
0.4425,1.2428043226265983,1.238690298113005,1.2144147409375823
0.445,1.2462311851936139,1.242036382978112,1.2172983950161749
0.4475,1.249696411256209,1.2454192240604314,1.2202100905936677
0.45,1.2532004822980831,1.2488392652546259,1.223150082441226
0.4525,1.2567438888028732,1.252296958407053,1.2261186284662386
0.455,1.260327130456494,1.2557927634844108,1.2291159897425674
0.4575,1.2639507163550312,1.2593271487467075,1.2321424305406803
0.46,1.2676151652183818,1.2629005909246842,1.2351982183576358
0.4625,1.271321005609811,1.2665135754018233,1.23828362394689
0.465,1.2750687761616282,1.270166596401074,1.2413989213478898
0.4675,1.278859025807172,1.2738601571764392,1.2445443879154212
0.47000000000000003,1.2826923140193158,1.2775947702095662,1.2477203043486735
0.47250000000000003,1.2865692110557034,1.2813709574114922,1.250926954719982
0.47500000000000003,1.290490298210939,1.285189250329697,1.2541646265032074
0.47750000000000004,1.2944561680759559,1.2890501903606264,1.2574336106017103
0.48,1.2984674248048107,1.2929543289678471,1.2607342013758702
0.4825,1.3025246843891425,1.2969022279060096,1.2640666966701075
0.485,1.3066285749405568,1.3008944594507894,1.2674313978393519
0.4875,1.310779736981203,1.304931606634994,1.2708286097749066
0.49,1.3149788237428206,1.309014263491027,1.274258640929651
0.4925,1.3192265014745397,1.3131430352998945,1.2777218033425206
0.495,1.32352344975974,1.3173185388469684,1.2812184126622026
0.4975,1.3278703618422747,1.3215414026847105,1.284748788169981
0.5,1.332267944962386,1.3258122674025719,1.2883132528016616
0.5025000000000001,1.3367169207026424,1.3301317859042956,1.2919121331685008
0.505,1.3412180253442543,1.3345006236928552,1.2955457595770627
0.5075000000000001,1.3457720102341237,1.338919459163264,1.2992144660479243
0.51,1.3503796421630132,1.3433889839035116,1.30291859033314
0.5125,1.3550417037552194,1.3479099030038793,1.3066584739323768
0.515,1.3597589938701655,1.352482935374902,1.3104344621076258
0.5175,1.3645323280163373,1.357108814074255,1.3142469038963873
0.52,1.3693625387780015,1.3617882866428526,1.3180961521232284
0.5225,1.3742504762551755,1.3665221154504466,1.3219825634096007
0.525,1.3791970085173195,1.3713110780510462,1.3259064981818016
0.5275,1.38420302207126,1.376155967548459,1.3298683206769568
0.53,1.389269422343858,1.3810575929723026,1.3338683989469007
0.5325,1.394397134179973,1.3860167796648082,1.3379071048598121
0.535,1.3995871023562816,1.3910343696787881,1.3419848140994741
0.5375,1.4048402921115426,1.3961112221871188,1.3461019061619979
0.54,1.4101576896939298,1.4012482139041311,1.350258764349867
0.5425,1.4155403029260623,1.4064462395192938,1.3544557757631286
0.545,1.4209891617884158,1.4117062121436033,1.3586933312875684
0.5475,1.4265053190217991,1.417029063769102,1.3629718255796823
0.55,1.432089850749636,1.4224157457419655,1.367291657048261
0.5525,1.437743857120805,1.4278672292496082,1.371653227832387
0.555,1.4434684629738361,1.4333845058222918,1.3760569437756383
0.5575,1.4492648185232921,1.438968587849714,1.3805032143962783
0.56,1.4551341000692006,1.4446205091130948,1.3849924528532096
0.5625,1.4610775107304397,1.4503413253332806,1.3895250759074396
0.5650000000000001,1.4670962812030293,1.4561321147354245,1.3941015038788287
0.5675,1.4731916705443076,1.4619939786307927,1.3987221605978326
0.5700000000000001,1.4793649669840376,1.4679280420163092,1.403387473351988
0.5725,1.4856174887635087,1.473935454192425,1.4080978728268323
0.5750000000000001,1.4919505850037849,1.4800173893999728,1.412853793040974
0.5775,1.498365636604259,1.4861750474766422,1.4176556712749822
0.58,1.504864057172774,1.492409654533776,1.4225039479937744
0.5825,1.5114472939885868,1.498722463654189,1.4273990667621548
0.585,1.5181168289995481,1.505114755611752,1.432341474153133
0.5875,1.5248741798549077,1.511587839613499,1.4373316196486567
0.59,1.5317209009752404,1.5181430540650607,1.442369955532349
0.5925,1.5386585846610532,1.524781767360245,1.4474569367738466
0.595,1.5456888622417029,1.5315053786956199,1.4525930209042934
0.5975,1.5528134052663471,1.5383153189109942,1.4577786678825504
0.6,1.5600339267387213,1.5452130513567148,1.463014339951632
0.6025,1.5673521823976293,1.552200072788746,1.4683005014848864
0.605,1.5747699720451296,1.5592779142925224,1.473637618821395
0.6075,1.5822891409244904,1.5664481422366148,1.4790261600900554
0.61,1.5899115811501026,1.5737123592572866,1.4844665950217766
0.6125,1.5976392331916331,1.5810722052750528,1.4899593947492071
0.615,1.6054740874148297,1.588529358544407,1.4955050315933718
0.6175,1.6134181856815117,1.5960855367379214,1.501103978836582
0.62,1.6214736230113949,1.6037424980659707,1.506756710480946
0.6225,1.629642549308557,1.6115020424333848,1.5124637009917847
0.625,1.6379271711554757,1.6193660126343772,1.518225425025224
0.6275000000000001,1.6463297536777426,1.6273362955871562,1.5240423571392054
0.63,1.6548526224826992,1.6354148236096773,1.5299149714871267
0.6325000000000001,1.6634981656754313,1.6436035757380496,1.5358437414932873
0.635,1.672268835955732,1.651904579089169,1.5418291395092882
0.6375000000000001,1.6811671527998295,1.6603199102692168,1.547871636450487
0.64,1.690195704730898,1.6688516968297071,1.5539717014115884
0.6425,1.6993571516825738,1.6775021187728656,1.560129801260407
0.645,1.7086542274599288,1.686273410108143,1.566346400208795
0.6475,1.718089742302609,1.6951678604617761,1.5726219593596966
0.65,1.727666585555098,1.704187816741375,1.5789569362292601
0.6525,1.7373877284493338,1.713335684857547,1.5853517842428633
0.655,1.747256227005224,1.7226139315047215,1.5918069522039184
0.6575,1.7572752250548886,1.7320250860033384,1.5983228837342247
0.66,1.7674479573968112,1.7415717422057038,1.604900016684642
0.6625,1.7777777530864205,1.751256560467867,1.6115387825147744
0.665,1.7882680388700136,1.7610822696899755,1.6182396056403419
0.6675,1.798922342769312,1.7710516694276435,1.625002902746845
0.67,1.8097442978243898,1.7811676320769674,1.6318290820681016
0.6725,1.8207376460031457,1.7914331051359051,1.6387185426281747
0.675,1.8319062422860044,1.8018511135448516,1.645671673445176
0.6775,1.8432540589350066,1.8124247621093026,1.6526888526953665
0.68,1.854785189957048,1.8231572380076442,1.6597704468359533
0.6825,1.8665038557715752,1.8340518133871608,1.666916809684909
0.685,1.8784144080937002,1.8451118480514945,1.6741282814561136
0.6875,1.8905213350443508,1.856340792242849,1.6814051877480627
0.6900000000000001,1.9028292664998105,1.8677421895223838,1.6887478384843526
0.6925,1.9153429796937524,1.8793196797522949,1.6961565268040957
0.6950000000000001,1.9280674050857034,1.891077002183226,1.7036315279003955
0.6975,1.9410076325107566,1.9030179986507172,1.711173097804951
0.7000000000000001,1.9541689176262853,1.9151466168845297,1.718781472116852
0.7025,1.9675566886724336,1.927466913934754,1.7264568646735543
0.705,1.9811765535642296,1.9399830597187264,1.7341994661620415
0.7075,1.9950343073343442,1.9526993406928486,1.7420094426681045
0.71,2.0091359399467503,1.965620163653492,1.7498869341616838
0.7125,2.023487644502899,1.9787500596712584,1.7578320529161857
0.715,2.0380958258634414,1.9920936881629079,1.7658448818596786
0.7175,2.052967109710106,2.0056558411053502,1.7739254728558647
0.72,2.068108352073967,2.0194414473961095,1.7820738449127305
0.7225,2.0835266493581783,2.033455577364726,1.7902899823167922
0.725,2.099229348885132,2.0477034474395475,1.798573832690861
0.7275,2.1152240600001115,2.0621904249743643,1.8069253049732952
0.73,2.131518665765732,2.0769220332392933,1.8153442673167428
0.7325,2.1481213352838986,2.0919039565802713,1.8238305449044316
0.735,2.165040536684586,2.1071420457513823,1.8323839176821217
0.7375,2.1822850508236167,2.1226423234241607,1.8410041180039451
0.74,2.1998639857345945,2.13841098987777,1.8496908281904147
0.7425,2.2177867918835035,2.15445442887378,1.8584436779970424
0.745,2.236063278277994,2.1707792137189297,1.867262241992106
0.7475,2.2547036294872793,2.1873921135189485,1.8761460368422918
0.75,2.273718423632689,2.204300099626032,1.8850945185050922
0.7525000000000001,2.293118651413518,2.2215103522820905,1.8941070793270653
0.755,2.312915736237654,2.239030267459239,1.90318304504727
0.7575000000000001,2.3331215555318536,2.25686746389829,1.9123216717054787
0.76,2.353748463312273,2.2750297903451315,1.9215221424550253
0.7625000000000001,2.3748093141022064,2.2935253329838865,1.9307835642805014
0.765,2.396317488290758,2.3123624230645765,1.940104964620844
0.7675000000000001,2.4182869190336946,2.3315496447216626,1.9494852878987785
0.77,2.440732120805758,2.3510958429782547,1.958923391957985
0.7725,2.4636682197226083,2.3710101319290144,1.9684180444098682
0.775,2.4871109857601685,2.391301903092663,1.9779679188922925
0.7775,2.5110768670096744,2.4119808339226565,1.9875715912432501
0.78,2.5355830261182106,2.4330568964618666,1.9972275355930158
0.7825,2.560647379077039,2.4545403661239678,2.006934120379016
0.785,2.5862886365338054,2.476441830580738,2.016689604288381
0.7875,2.6125263478196556,2.498772198730365,2.0264921321338867
0.79,2.639380947898822,2.5215427097173277,2.03633973066986
0.7925,2.666873807466196,2.544764941969124,2.0462303043554866
0.795,2.695027286438265,2.5684508222092393,2.05616163107393
0.7975,2.723864791104414,2.5926126343989737,2.066131357816662
0.8,2.7534108352295417,2.6172630285531686,2.0761369963434992
0.8025,2.7836911054250826,2.6424150293661866,2.0861759188299493
0.805,2.814732531134452,2.6680820445748115,2.0962453535146914
0.8075,2.8465633596106295,2.6942778729736325,2.1063423803612467
0.81,2.879213236298685,2.7210167119860906,2.116463926749227
0.8125,2.9127132910745823,2.74831316468027,2.126606763211906
0.8150000000000001,2.947096230834259,2.7761822461027394,2.1367674992382892
0.8175,2.982396438973966,2.804639388785837,2.146942579159324
0.8200000000000001,3.0186500823549287,2.8337004472638223,2.1571282781394028
0.8225,3.055895226402797,2.8633817014106495,2.1673206982958737
0.8250000000000001,3.094171959056107,2.893699858386853,2.1775157649708414
0.8275,3.1335225243483187,2.9246720529544703,2.187709223181145
0.8300000000000001,3.1739914664862563,2.9563158458871324,2.1978966342740107
0.8325,3.2156257853742365,2.9886492201665487,2.208073372817482
0.835,3.258475104629357,3.0216905746167293,2.2182346237563166
0.8375,3.302591853240037,3.055458714582462,2.2283753798656125
0.84,3.3480314621383758,3.0899728392086745,2.238490439535912
0.8425,3.394852577088539,3.1252525248216854,2.248574404925006
0.845,3.4431172894396127,3.161317703851339,2.258621680512981
0.8475,3.492891386454139,3.19818863866435,2.2686264720983433
0.85,3.5442446231041864,3.235885889602772,2.278582786274104
0.8525,3.5972510174281394,3.2744302764373034,2.2884844304237273
0.855,3.651989171764715,3.3138428323519205,2.2983250132775344
0.8575,3.7085426224294227,3.354144749474082,2.3080979460707813
0.86,3.7670002206744946,3.395357314852332,2.3177964443448444
0.8625,3.8274565480799674,3.4375018356606177,2.327413530433041
0.865,3.8900123698630735,3.480599552275114,2.3369420366722644
0.8675,3.9547751299695326,3.5246715377251263,2.346374609381041
0.87,4.021859492225737,3.56973858186423,2.3557037136435555
0.8725,4.091387932289181,3.6158210584420662,2.3649216389378194
0.875,4.163491385637691,3.6629387730814615,2.374020505644309
0.8775000000000001,4.23830995738869,3.7111107899814577,2.382992272469079
0.88,4.315993700338758,3.760355234976167,2.391828744812565
0.8825000000000001,4.396703468261042,3.8106890723854274,2.400521584111985
0.885,4.4806118521904486,3.8621278528995613,2.4090623181814013
0.8875000000000001,4.567904208158885,3.9146854295533595,2.4174423525691164
0.89,4.658779785602938,3.9683736386700716,2.4256529829471307
0.8925000000000001,4.753452966437797,4.023201942504914,2.4336854085418897
0.895,4.852154625544747,4.079177030200323,2.441530746609492
0.8975,4.95513362411504,4.1363023735974975,2.4491800479519297
0.9,5.062658447868112,4.194577734448209,2.4566243134638044
0.9025,5.175019002530754,4.2539986196602415,2.463854511691379
0.905,5.2925285790002,4.314555681415475,2.470861597377721
0.9075,5.415526000143177,4.376234059353382,2.477636530959271
0.91,5.544377959958394,4.439012662551664,2.484170298970336
0.9125,5.6794815635085705,4.5028633898021715,2.4904539353029476
0.915,5.821267072134246,4.567750287722251,2.4964785432602565
0.9175,5.970200852336183,4.633628647611696,2.5022353183322807
0.92,6.126788517448399,4.70044404372021,2.507715571613448
0.9225,6.291578237568534,4.7681313177872156,2.512910753772161
0.925,6.465164173451732,4.8366135174123315,2.5178124794735717
0.9275,6.648189961857759,4.905800799060962,2.5224125521481096
0.93,6.841352139964695,4.975589310344972,2.5267029889901225
0.9325,7.045403340567289,5.045860070662311,2.530676046063428
0.935,7.261155011974618,5.116477874322257,2.534324243383745
0.9375,7.489479308896915,5.187290245872775,2.5376403898420303
0.9400000000000001,7.731309652647708,5.258126483377997,2.5406176078277776
0.9425,7.9876392568765775,5.328796831690447,2.5432493574075172
0.9450000000000001,8.259516641021131,5.399091834065375,2.545529459911102
0.9475,8.548036785480027,5.468781916415323,2.5474521207770993
0.9500000000000001,8.854326093529053,5.53761726363999,2.549011951508664
0.9525,9.179518685602043,5.605328051218531,2.550203990592878
0.9550000000000001,9.524720733282726,5.671625096952313,2.55102372323954
0.9575,9.890958525225905,5.736200996655989,2.5514670998000533
0.96,10.279104756262008,5.798731802947099,2.551530552733132
0.9625,10.689776217948173,5.858879297349768,2.5512110119917115
0.965,11.123194837997628,5.916293892103317,2.5505059187145283
0.9675,11.579003272679435,5.970618178980425,2.54941323711633
0.97,12.05602674610317,6.0214911180492425,2.5479314644824322
0.9725,12.551975794243182,6.068552830102076,2.54605963918633
0.975,13.063091867385996,6.111449923418484,2.5437973466630157
0.9775,13.583751781398776,6.149841250241206,2.541144723285554
0.98,14.106070188865253,6.1834039530190585,2.538102458108017
0.9825,14.619572456030001,6.2118396278048,2.5346717924539677
0.985,15.111050096172017,6.234880405177531,2.530854517346072
0.9875,15.564745454134966,6.252294730692621,2.526652968788927
0.99,15.96301884928322,6.263892619815,2.522070020933598
0.9925,16.287599425143544,6.269530168525434,2.5171090771684397
0.995,16.52138799611246,6.269113121219777,2.5117740591963975
0.9975,16.650578788932023,6.262599331776815,2.5060693941738394
1.0,16.666666666666668,6.25,2.5
1.0025,16.567819160443808,6.2313796210021115,2.493571268859071
1.0050000000000001,16.359206711036954,6.206854645448798,2.4867890491287463
1.0075,16.05218500121309,6.176590909277507,2.479659625779468
1.01,15.662576370749504,6.140799947878227,2.4721896993976764
1.0125,15.20853285503509,6.099734357557869,2.464386363973875
1.0150000000000001,14.708489929526975,6.053682403146676,2.456257083602311
1.0175,14.17957119719411,6.002962092836778,2.447809668243492
1.02,13.636589036392353,5.947914949154842,2.43905224870352
1.0225,13.091605790068938,5.888899699083774,2.4299932509855617
1.025,12.553920502989124,5.826286088602255,2.4206413701684046
1.0275,12.030322169503176,5.760448999935427,2.4110055439654037
1.03,11.525472863654667,5.691763016648483,2.401094926113969
1.0325,11.042324017149578,5.620597545457704,2.390918859741369
1.035,10.582507930983502,5.5473125671121934,2.380486850847084
1.0375,10.146676348495077,5.472255054265567,2.3698085420353467
1.04,9.734777364916612,5.395756063662126,2.35889368662399
1.0425,9.346272967967897,5.3181284843246575,2.3477521232474317
1.045,8.980304707104617,5.239665403279808,2.336393751062734
1.0475,8.63581665345263,5.160639035719691,2.3248285056582056
1.05,8.311644573683859,5.081300157022029,2.31306633575428
1.0525,8.006579137055644,5.001877969121896,2.30111718077633
1.055,7.719409600504447,4.922580332588655,2.2889909493690235
1.0575,7.448953077697868,4.84359429760235,2.2766974989116684
1.06,7.1940733277605835,4.765086871060679,2.2642466160840473
1.0625,6.953692037346542,4.687205962565943,2.251647998522457
1.065,6.7267948087450185,4.610081458430539,2.238911237596266
1.0675000000000001,6.512433480256841,4.533826379599979,2.2260458023261918
1.07,6.3097259614123935,4.458538086140262,2.2130610244569535
1.0725,6.117854434502823,4.384299497390113,2.1999660846888074
1.075,5.936062529375497,4.311180302850218,2.1867700000649837
1.0775000000000001,5.76365189937583,4.239238144255653,2.1734816125050447
1.08,5.5999784961238595,4.168519754001625,2.160109578467856
1.0825,5.444448746777622,4.0990620391556165,2.14666235972211
1.085,5.29651576996416,4.0308931037147016,2.1331482151972443
1.0875000000000001,5.155675718491715,3.9640332045978313,2.1195751938830956
1.09,5.021464302998038,3.8984956391565544,2.1059511287427357
1.0925,4.8934535269425545,3.834287563805665,2.092283631599636
1.095,4.7712486469631985,3.7714107447817877,2.078580088957586
1.0975,4.654485361511427,3.7098622430942347,2.064847658709575
1.1,4.542827223339309,3.6496350364963486,2.0510932676901814
1.1025,4.435963266743774,3.590718581828923,2.0373236100247833
1.105,4.333605837681918,3.5330993214160955,2.0235451462281517
1.1075,4.235488613386633,3.4767611373687375,2.009764103004619
1.11,4.141364797521895,3.4216857577041875,1.9959864737020212
1.1125,4.051005476929239,3.3678531181537283,1.9822180193719483
1.115,3.964198126420555,3.3152416834232215,1.9684642703894664
1.1175,3.880745248721161,3.2638287315181516,1.9547305285863874
1.12,3.8004631374558335,3.2135906045566283,1.9410218698532624
1.1225,3.7231807519288203,3.1645029292857885,1.9273431471665956
1.125,3.6487386933270343,3.1165408102976477,1.913698993999259
1.1275,3.576988272841875,3.06967899871763,1.9000938280736854
1.1300000000000001,3.5077906630380635,3.023892038917946,1.886531855419161
1.1325,3.4410161245852193,2.9791543955930213,1.8730170746963017
1.135,3.376543301202647,2.9354405633280494,1.8595532817536775
1.1375,3.314258576347169,2.892725160596584,1.8461440743834563
1.1400000000000001,3.254055485796945,2.8509830099396503,1.8327928572448202
1.1425,3.1958341808534447,2.8101892059083458,1.8195028469258652
1.145,3.1395009374005736,2.770319172193878,1.8062770771165475
1.1475,3.0849677065286705,2.7313487092239703,1.7931184038671981
1.1500000000000001,3.0321517028540477,2.693254033371423,1.7800295109088826
1.1525,2.9809750270466995,2.656011808799611,1.7670129150137632
1.155,2.931364319422268,2.6195991728594668,1.7540709713752958
1.1575,2.8832504417638094,2.583993755852962,1.741205878989837
1.16,2.8365681848165836,2.549173695888002,1.7284196860228231
1.1625,2.7912559991489214,2.515117649468635,1.7157142951442426
1.165,2.7472557472963923,2.481804798391604,1.703091468819606
1.1675,2.7045124753079417,2.4492148534549294,1.6905528345440113
1.17,2.662974201993503,2.417328055425705,1.678099890008252
1.1725,2.6225917243351184,2.386125173661996,1.6657340081871483
1.175,2.583318437669524,2.3555875027370177,1.6534564423414744
1.1775,2.5451101693814087,2.325696857372163,1.6412683309259422
1.18,2.507925024964588,2.296435565948447,1.6291707023967612
1.1825,2.471723245414443,2.2677864628329116,1.6171644799132185
1.185,2.436467075010615,2.2397328797273457,1.605250485928652
1.1875,2.4021206386349223,2.2122586362206156,1.5934294466669592
1.19,2.368649827847233,2.1853480297030066,1.58170199648161
1.1925000000000001,2.336022195011827,2.158985824780459,1.5700686820947651
1.195,2.3042068548300865,2.1331572423086373,1.5585299667147878
1.1975,2.2731743926923067,2.10784794815077,1.54708623403097
1.2,2.2428967793130674,2.083044041749167,1.535737792084878
1.2025000000000001,2.2133472911611927,2.0587320445878596,1.5244848770181527
1.205,2.184500436237574,2.0348988886128896,1.5133276566970548
1.2075,2.1563318847923605,2.011531904667092,1.5022662342144149
1.21,2.1288184046077685,1.988618810987826,1.4913006512700249
1.2125000000000001,2.1019378005041234,1.9661477018085525,1.4804308914307658
1.215,2.075668857755418,1.944107036098723,1.4696568832720827
1.2175,2.0499912891265537,1.922485626470638,1.458978503402612
1.22,2.0248856852681234,1.901272628277003,1.448395579374014
1.2225,2.000333468226007,1.8804575289184624,1.4379078924782007
1.225,1.9763168478426842,1.8600301373766397,1.427515180434324
1.2275,1.9528187808449962,1.839980573984853,1.4172171399680094
1.23,1.9298229324293141,1.8202992604457828,1.4070134292854095
1.2325,1.9073136401700461,1.8009769101029376,1.3969036704447664
1.235,1.885275880090856,1.782004518470514,1.3868874516282
1.2375,1.863695234750497,1.7633733540244667,1.376964329316524
1.24,1.8425578632064077,1.745074949255946,1.3671338303698803
1.2425,1.8218504727297455,1.7271010919869614,1.35739545401706
1.245,1.8015602921549279,1.7094438169469046,1.3477486737563278
1.2475,1.7816750467556057,1.6920953976076454,1.3381929391706067
1.25,1.762182934546906,1.6750483382740278,1.3287276776598396
1.2525,1.7430726039212388,1.6582953664259659,1.3193522960933388
1.2550000000000001,1.724333132531655,1.6418294253077348,1.3100661823848991
1.2575,1.7059540073430093,1.625643666759602,1.3008687069934117
1.26,1.6879251057768598,1.6097314442865567,1.2917592243516716
1.2625,1.670236677881371,1.5940863063586512,1.2827370742260455
1.2650000000000001,1.65287932946227,1.5787019899371757,1.2738015830095786
1.2675,1.6358440061154484,1.5635724142207947,1.264952064951108
1.27,1.619121978105871,1.5486916746055999,1.2561878233228443
1.2725,1.6027048260413241,1.5340540368530236,1.2475081515288788
1.2750000000000001,1.586584427293016,1.5196539314594877,1.238912334156954
1.2775,1.5707529431183282,1.5054859482216922,1.2303996479758206
1.28,1.5552028064439802,1.4915448309914472,1.2219693628804014
1.2825,1.5399267102707366,1.4778254726140634,1.2136207427869494
1.285,1.5249175966632789,1.4643229100443256,1.2053530464802975
1.2875,1.5101686462913144,1.4510323196342116,1.1971655284152387
1.29,1.4956732684902012,1.4379490125866146,1.1890574394740254
1.2925,1.481425091811384,1.4250684305694072,1.1810280276818756
1.295,1.467417955034918,1.4123861414843801,1.1730765388823539
1.2975,1.4536458986180605,1.399897835385646,1.1652022173743917
1.3,1.4401031565556024,1.387599320542288,1.1574043065126776
1.3025,1.4267841486291097,1.3754865196401418,1.149682049273059
1.305,1.413683473023708,1.3635554661177607,1.1420346887845663
1.3075,1.4007958992923328,1.3518023006317592,1.1344614688295822
1.31,1.3881163616486318,1.3402232676468606,1.1269616343136462
1.3125,1.3756399525708174,1.3288147121461207,1.1195344317062954
1.315,1.3633619166998996,1.3175730764569735,1.1121791094543296
1.3175000000000001,1.351277645016665,1.3064948971888473,1.104894918368792
1.32,1.339382669282754,1.2955768022782672,1.0976811119869356
1.3225,1.327672656732012,1.2848155081374828,1.0905369469103743
1.325,1.3161434049991525,1.2742078169028166,1.0834616831205806
1.3275000000000001,1.3047908372734944,1.263750613779038,1.0764545842728392
1.33,1.29361099766626,1.2534408644762203,1.0695149179697183
1.3325,1.2826000467805827,1.2432756127356406,1.0626419560150724
1.335,1.271754257474007,1.2332519779414386,1.0558349746495603
1.3375000000000001,1.261070010803825,1.2233671528148402,1.0490932547686023
1.34,1.250543792146159,1.2136184011878863,1.0424160821236723
1.3425,1.2401721874801972,1.2040030558537138,1.0358027475077765
1.345,1.229951879829479,1.1945185164905536,1.029252546925934
1.3475,1.2198796458525747,1.1851622476567054,1.0227647817514411
1.35,1.2099523525759153,1.1759317768538626,1.0163387588686583
1.3525,1.2001669542619446,1.1668246926562564,1.0099737908030355
1.355,1.190520489406108,1.157838642903174,1.0036691958390487
1.3575,1.1810100778565833,1.1489713329525264,0.9974242981267026
1.36,1.1716329180509417,1.1402205239931957,0.9912384277772079
1.3625,1.1623862843642783,1.1315840314140126,0.985110920948435
1.365,1.153267524563595,1.1230597232272546,0.9790411199206867
1.3675,1.1442740573635524,1.114645518544697,0.9730283731633476
1.37,1.1354033700788997,1.1063393861042603,0.9670720353929033
1.3725,1.1266530163691906,1.0981393428454214,0.9611714676228263
1.375,1.1180206140715716,1.090043452531594,0.9553260372057822
1.3775,1.1095038431176922,1.0820498244177827,0.9495351178686052
1.3800000000000001,1.1011004435309495,1.0741566119618513,0.9437980897404621
1.3825,1.0928082135004984,1.066362011577834,0.9381143393745981
1.385,1.084625007528615,1.0586642614297594,0.9324832597640496
1.3875,1.0765487346482008,1.0510616402645345,0.926904250351685
1.3900000000000001,1.0685773567073449,1.0435524662824773,0.9213767170349167
1.3925,1.0607088867180419,1.0361350960441513,0.9159000721654124
1.395,1.0529413872662756,1.0288079234121943,0.9104737345441108
1.3975,1.045272968980851,1.0215693785269035,0.9050971294118493
1.4000000000000001,1.0377017890584506,1.0144179268143676,0.8997696884358678
1.4025,1.0302260498425397,1.007352068025996,0.8944908496924731
1.405,1.0228439974538346,1.0003703353083262,0.8892600576460984
1.4075,1.0155539204701842,0.993471294302053,0.8840767631250137
1.41,1.0083541486537957,0.9866535422692431,0.8789404232939064
1.4125,1.0012430517238395,0.9799157072477473,0.8738505016235493
1.415,0.9942190381725717,0.9732564472318693,0.8688064678577665
1.4175,0.9872805541231752,0.9666744493783594,0.863807797977881
1.42,0.9804260822276311,0.9601684292368704,0.8588539741648396
1.4225,0.973654140602995,0.9537371300040217,0.8539444847591848
1.425,0.9669632818045256,0.9473793218002542,0.8490788242190371
1.4275,0.960352091834191,0.9410938009686973,0.8442564930762475
1.43,0.9538191891831462,0.9348793893952944,0.8394769978908699
1.4325,0.9473632239068273,0.9287349338494514,0.8347398512040866
1.435,0.9409828767313883,0.9226593053445269,0.8300445714897323
1.4375,0.9346768581902354,0.9166513985174692,0.8253906831045279
1.44,0.9284439077895034,0.9107101310269731,0.8207777162371527
1.4425000000000001,0.9222827932013363,0.9048344429695173,0.8162052068562651
1.445,0.9161923094839131,0.8990232963126932,0.8116726966575767
1.4475,0.9101712783271771,0.8932756743452359,0.8071797330100777
1.45,0.9042185473233069,0.8875905811432111,0.8027258689015155
1.4525000000000001,0.8983329892609715,0.8819670410518137,0.7983106628832064
1.455,0.892513501442486,0.876404098182263,0.7939336790142723
1.4575,0.8867590050229981,0.8709008159232979,0.7895944868053764
1.46,0.8810684443708877,0.8654562764667908,0.785292661162035
1.4625000000000001,0.8754407864485884,0.8600695803470164,0.7810277823275754
1.465,0.8698750202130802,0.854739845993136,0.776799435825807
1.4675,0.8643701560353219,0.8494662092944555,0.7726072124034635
1.47,0.8589252251379386,0.8442478231780558,0.7684507079724819
1.4725,0.8535392790504934,0.839083857198387,0.7643295235521642
1.475,0.8482113890817119,0.8339734971384473,0.7602432652112837
1.4775,0.8429406458080443,0.8289159446221714,0.7561915440101749
1.48,0.8377261585779777,0.8239104167376706,0.7521739759428566
1.4825,0.8325670550315446,0.8189561456709812,0.7481901818792316
1.485,0.8274624806344791,0.814052378349986,0.744239787507399
1.4875,0.8224115982265119,0.8091983760981906,0.7403224232761217
1.49,0.817413587583295,0.8043934142980361,0.7364377243374753
1.4925,0.8124676449914957,0.7996367820634602,0.73258533048972
1.495,0.8075729828365862,0.7949277819214082,0.728764886120418
1.4975,0.8027288292029017,0.7902657295020227,0.7249760401498317
1.5,0.7979344274855312,0.7856499532372323,0.7212184459746188
1.5025,0.7931890360136472,0.7810797940674923,0.717491761411857
1.5050000000000001,0.7884919276848779,0.7765546051564165,0.7137956486434186
1.5075,0.7838423896103461,0.7720737516130632,0.710129774160713
1.51,0.7792397227700156,0.7676366102216358,0.7064938087098164
1.5125,0.7746832416780001,0.7632425691783795,0.70288742723701
1.5150000000000001,0.7701722740574956,0.7588910278354487,0.6993103088347385
1.5175,0.7657061605250239,0.7545813964515389,0.695762136688006
1.52,0.7612842542836676,0.7503130959490746,0.6922425980212207
1.5225,0.7569059208250086,0.7460855576777619,0.6887513840455027
1.5250000000000001,0.7525705376394797,0.7418982231843086,0.6852881899064651
1.5275,0.7482774939348565,0.7377505439881373,0.6818527146324797
1.53,0.7440261903626192,0.7336419813628989,0.6784446610834299
1.5325,0.7398160387519359,0.7295720061236309,0.6750637358999706
1.5350000000000001,0.7356464618510182,0.725540098419384,0.6717096494532907
1.5375,0.731516893075611,0.7215457475311571,0.6683821157953905
1.54,0.7274267762643897,0.7175884516749881,0.6650808526098788
1.5425,0.7233755654410456,0.713667717810048,0.6618055811632914
1.545,0.7193627245828467,0.7097830614515954,0.6585560262569403
1.5475,0.7153877273954684,0.7059340064886452,0.655331916179292
1.55,0.7114500570939001,0.7021200850062216,0.6521329826588792
1.5525,0.7075492061892336,0.6983408371120587,0.6489589608177485
1.555,0.7036846762811529,0.6945958107676233,0.6458095891254448
1.5575,0.6998559778559499,0.6908845616233377,0.6426846093535354
1.56,0.6960626300898917,0.6872066528578804,0.6395837665306715
1.5625,0.6923041606577759,0.6835616550214481,0.6365068088981867
1.565,0.6885801055465183,0.6799491458828724,0.6334534878662368
1.5675000000000001,0.6848900088736162,0.6763687102804756,0.6304235579704753
1.57,0.6812334227103412,0.6728199399765692,0.6274167768292669
1.5725,0.6776099069095157,0.6693024335154804,0.624432905101431
1.575,0.6740190289377418,0.665815796085024,0.6214717064445249
1.5775000000000001,0.670460363711939,0.6623596393813103,0.6185329474736518
1.58,0.6669334934400746,0.6589335814768067,0.6156163977208015
1.5825,0.6634380074659498,0.6555372466915552,0.6127218295947128
1.585,0.6599735021179306,0.6521702654674644,0.6098490183412609
1.5875000000000001,0.6565395805615033,0.648832274245591,0.6069977420043645
1.59,0.6531358526555443,0.645522915346328,0.6041677813874076
1.5925,0.6497619348121909,0.6422418368524189,0.6013589200151732
1.595,0.6464174498602169,0.6389886924947262,0.5985709440962881
1.5975000000000001,0.6431020269118026,0.6357631415406753,0.5958036424861702
1.6,0.6398153012326075,0.6325648486853034,0.5930568066504779
1.6025,0.6365569141150471,0.6293934839448445,0.5903302306290547
1.605,0.6333265127546835,0.62624872255278,0.5876237110003664
1.6075,0.6301237501296418,0.6231302448582927,0.5849370468464268
1.61,0.6269482848829645,0.6200377362270568,0.5822700397182049
1.6125,0.6237997812078232,0.6169708869443067,0.5796224936015129
1.615,0.6206779087355031,0.6139293921201171,0.5769942148833638
1.6175,0.6175823424260882,0.6109129515968456,0.5743850123188029
1.62,0.6145127624617661,0.6079212698586726,0.5717946969981993
1.6225,0.6114688541426847,0.6049540559431914,0.5692230823149996
1.625,0.6084503077852836,0.6020110233549864,0.566669983933932
1.6275,0.6054568186230397,0.5990918899811575,0.5641352197596633
1.6300000000000001,0.6024880867095528,0.5961963780087317,0.5616186099058981
1.6325,0.5995438168239144,0.5933242138439215,0.5591199766649162
1.635,0.5966237183782906,0.590475128033173,0.5566391444775457
1.6375,0.5937275053276629,0.5876488551859689,0.5541759399035633
1.6400000000000001,0.5908548960816685,0.5848451338993307,0.551730191592518
1.6425,0.5880056134184827,0.5820637066839885,0.5493017302549763
1.645,0.5851793844006855,0.5793043198921634,0.546890388634175
1.6475,0.5823759402930653,0.576566723646932,0.5444960014780879
1.6500000000000001,0.579595016482303,0.5738506717731297,0.5421184055118912
1.6525,0.57683635239849,0.5711559217297536,0.5397574394108308
1.655,0.5740996914384259,0.5684822345438248,0.5374129437734771
1.6575,0.5713847808906579,0.5658293747456828,0.5350847610953731
1.6600000000000001,0.5686913718622073,0.5631971103056642,0.5327727357430598
1.6625,0.5660192192069456,0.5605852125721432,0.5304767139284846
1.665,0.5633680814555708,0.5579934562108904,0.5281965436837763
1.6675,0.5607377207471493,0.5554216191457246,0.5259320748363925
1.67,0.5581279027621766,0.552869482500422,0.5236831589846259
1.6725,0.5555383966571222,0.5503368305418536,0.5214496494734713
1.675,0.5529689750004182,0.5478234506243205,0.5192314013708421
1.6775,0.5504194137098534,0.5453291331350576,0.5170282714441374
1.68,0.5478894919913417,0.5428536714408786,0.5148401181371497
1.6825,0.5453789922790241,0.5403968618359333,0.5126668015473119
1.685,0.5428877001766755,0.5379585034905521,0.5105081834032785
1.6875,0.5404154044003793,0.5355383984011493,0.5083641270428335
1.69,0.5379618967224404,0.5331363513411622,0.5062344973911234
1.6925000000000001,0.535526971916505,0.5307521698130004,0.5041191609392095
1.695,0.5331104277038582,0.5283856640009823,0.5020179857229364
1.6975,0.530712064700865,0.5260366467252309,0.49993084130210674
1.7,0.5283316863675346,0.5237049333965149,0.49785759873996666
1.7025000000000001,0.5259690989571723,0.521390341972003,0.49579813058298844
1.705,0.523624111467099,0.5190926929119191,0.49375231084095406
1.7075,0.521296535590405,0.5168118091370691,0.4917200149673272
1.71,0.5189861856687192,0.5145475159872253,0.489701119839916
1.7125000000000001,0.5166928786459656,0.5122996411803451,0.4876955037418203
1.715,0.5144164340230843,0.5100680147726072,0.4857030463426577
1.7175,0.5121566738136917,0.5078524691192421,0.48372362868006463
1.72,0.50991342250066,0.5056528388361434,0.4817571331414705
1.7225000000000001,0.5076865069935923,0.5034689607622397,0.47980344344613907
1.725,0.5054757565871731,0.5013006739226102,0.47786244462747335
1.7275,0.5032810029203698,0.49914781949232545,0.47593402301557947
1.73,0.5011020799364697,0.49701024076099926,0.47401806622008696
1.7325,0.49893882384393035,0.4948877830980349,0.4721144631132213
1.735,0.4967910730780222,0.49278029391854794,0.470223103813123
1.7375,0.4946586682632503,0.4906876226499542,0.4683438796674139
1.74,0.4925414521765293,0.4886096206992031,0.4664766832370006
1.7425,0.49043926971110063,0.48654614142064717,0.4646214082801175
1.745,0.48835196784117124,0.48449704008452893,0.4627779497366024
1.7475,0.48627939558725836,0.4824621738460748,0.46094620371240197
1.75,0.48422140398222246,0.48044140171518,0.4591260674643037
1.7525,0.4821778460379742,0.4784345845266731,0.45731743938489045
1.7550000000000001,0.48014857671283884,0.47644158491114685,0.45552021898771494
1.7575,0.4781334528795645,0.4744622672663436,0.45373430689269123
1.76,0.47613233329395566,0.4724964977290798,0.45195960481169634
1.7625,0.4741450785641232,0.47054414414770307,0.4501960155343846
1.7650000000000001,0.47217155112033243,0.46860507605506674,0.4484434429142068
1.7675,0.4702116151854384,0.466679164642011,0.446701791854633
1.77,0.46826513674589215,0.4647662827313394,0.44497096829557475
1.7725,0.46633198352330946,0.4628663047522825,0.44325087920000567
1.7750000000000001,0.4644120249465848,0.4609791067154348,0.44154143254077444
1.7775,0.46250513212454275,0.45910456618815737,0.4398425372876113
1.78,0.4606111778191092,0.45724256227043336,0.438154103394319
1.7825,0.4587300364189985,0.455392975571171,0.43647604178615224
1.7850000000000001,0.45686158391389703,0.45355568818494,0.4348082643473782
1.7875,0.4550056978691387,0.45173058366913554,0.43315068390901634
1.79,0.45316225740085686,0.4499175470215582,0.4315032142367552
1.7925,0.45133114315160594,0.4481164646584032,0.4298657700190434
1.795,0.4495122372664394,0.4463272243926496,0.428238266855352
1.7975,0.4477054233694364,0.4445497154128398,0.4266206212446054
1.8,0.44591058654066595,0.4427838282622437,0.4250127505737787
1.8025,0.44412761329357914,0.44102945481839634,0.42341457310665764
1.805,0.4423563915528217,0.4392864882730045,0.42182600797276126
1.8075,0.4405968106324556,0.437554823112212,0.42024697515642123
1.81,0.4388487612145836,0.43583435509721874,0.4186773954860194
1.8125,0.4371121353283644,0.434124981245242,0.4171171906233761
1.815,0.4353868263294138,0.4324265998108191,0.41556628305329324
1.8175000000000001,0.43367272887958186,0.43073911026743805,0.4140245960732435
1.82,0.43196973892709817,0.429062413289495,0.41249205378320825
1.8225,0.430277753687077,0.4273964107345672,0.41096858107565803
1.825,0.428596671622376,0.4257410056259978,0.40945410362567725
1.8275000000000001,0.4269263924248003,0.424096102135786,0.40794854788122703
1.83,0.42526681699664437,0.4224616055677759,0.40645184105354776
1.8325,0.4236178474325654,0.4208374223411363,0.4049639111076953
1.835,0.4219793870017803,0.4192234599741291,0.4034846867532127
1.8375000000000001,0.4203513401305807,0.417619627068158,0.40201409743493216
1.84,0.4187336123851593,0.4160258332920927,0.40055207332390824
1.8425,0.41712611045473913,0.41444198936686183,0.3990985453084759
1.845,0.4155287421350026,0.4128680070503125,0.39765344498543725
1.8475000000000001,0.4139414163118113,0.4113037991223267,0.3962167046513696
1.85,0.4123640429452135,0.4097492793701936,0.39478825729405703
1.8525,0.4107965330537302,0.4082043625742301,0.39336803658404046
1.855,0.40923879869891666,0.40666896449364526,0.39195597686628686
1.8575,0.4076907529701925,0.4051430018526446,0.3905520131519737
1.86,0.40615230996993573,0.4036263923267691,0.38915608111038935
1.8625,0.4046233847988352,0.4021190545294642,0.38776811706094505
1.865,0.40310389354149423,0.40062090799887357,0.38638805796529796
1.8675,0.4015937532522849,0.3991318731848554,0.38501584141958417
1.87,0.400092881941443,0.39765187143621467,0.3836514056467587
1.8725,0.39860119856140286,0.39618082498814877,0.3822946894890424
1.875,0.3971186229933636,0.394718656949901,0.3809456324004721
1.8775,0.3956450760340861,0.39326529129261945,0.37960417443955413
1.8800000000000001,0.39418047938291273,0.39182065283741563,0.3782702562620196
1.8825,0.39272475562900805,0.3903846672436217,0.37694381911367886
1.885,0.39127782823881363,0.3889572609972381,0.37562480482337357
1.8875,0.38983962154371504,0.3875383613995729,0.3743131557960264
1.8900000000000001,0.38841006072791573,0.386127896556066,0.37300881500578603
1.8925,0.3869890718165145,0.38472579536529605,0.3717117259892651
1.895,0.38557658166378034,0.3833319875081654,0.37042183283887126
1.8975,0.38417251794162455,0.38194640343726105,0.36913908019622854
1.9000000000000001,0.38277680912826323,0.3805689743663885,0.3678634132456893
1.9025,0.3813893844970679,0.37919963226027303,0.3665947777079334
1.905,0.38001017410559956,0.37783830982442806,0.3653331198336549
1.9075,0.3786391087848247,0.37648494049518544,0.3640783863973342
1.9100000000000001,0.3772761201285069,0.37513945842988605,0.3628305246910942
1.9125,0.37592114048277386,0.37380179849722667,0.3615894825186406
1.915,0.37457410293585325,0.3724718962677607,0.36035520818928246
1.9175,0.373234941307977,0.3711496880045501,0.35912765051203416
1.92,0.3719035901414489,0.3698351106539651,0.3579067587897971
1.9225,0.37057998469087383,0.3685281018366301,0.356692482813619
1.925,0.36926406091354447,0.3672285998385117,0.3554847728570302
1.9275,0.36795575545998294,0.3659365436021473,0.35428357967045626
1.93,0.36665500566463455,0.3646518727180109,0.3530888544757046
1.9325,0.365361749536711,0.3633745274160151,0.35190054896052575
1.935,0.36407592575118014,0.36210444855714446,0.3507186152732464
1.9375,0.3627974736398985,0.36084157762522,0.34954300601747357
1.94,0.361526333182886,0.35958585671879156,0.3483736742468705
1.9425000000000001,0.36026244499973853,0.35833722854315525,0.3472105734600003
1.945,0.35900575034117665,0.3570956364024957,0.3460536575952392
1.9475,0.35775619108072726,0.35586102419214716,0.34490288102575606
1.95,0.3565137097065366,0.35463333639097605,0.3437581985545592
1.9525000000000001,0.35527824931331176,0.3534125180538786,0.34261956540960736
1.955,0.35404975359438856,0.35219851480439474,0.3414869372389866
1.9575,0.35282816683392265,0.35099127282743336,0.340360270106149
1.96,0.3516134338992028,0.34979073886210943,0.3392395204852148
1.9625000000000001,0.35040550023308364,0.34859686019468916,0.33812464525633573
1.965,0.34920431184653605,0.34740958465164334,0.3370156017011196
1.9675,0.3480098153113112,0.3462288605928038,0.3359123474981137
1.97,0.3468219577527196,0.34505463690462457,0.3348148407183479
1.9725000000000001,0.3456406868425205,0.3438868629935443,0.3337230398209351
1.975,0.34446595079191955,0.3427254887794474,0.3326369036487301
1.9775,0.3432976983446749,0.3415704646892241,0.3315563914240429
1.98,0.34213587877030793,0.3404217416504258,0.3304814627444097
1.9825000000000002,0.34098044185741716,0.33927927108501593,0.32941207757841634
1.985,0.3398313379070943,0.3381430049032127,0.32834819626157846
1.9875,0.3386885177264393,0.33701289549742397,0.3272897794922717
1.99,0.33755193262217414,0.3358888957362711,0.3262367883277167
1.9925,0.3364215343943524,0.3347709589587022,0.3251891841800147
1.995,0.33529727533016346,0.33365903896818966,0.3241469288122339
1.9975,0.33417910819783003,0.33255309002701655,0.3231099843345467
2.0,0.3330669862405965,0.33145306685064296,0.3220783132004154
